Id,Title,URL,Date,Description,Categories,Image URL,Source
1,"La protesta de los agricultores de España, en directo | Los agricultores mantienen las protestas en las carreteras en varias provincias de España",,No Publication Date,"Un grupo de tractoristas avanza hacia Barcelona para concentrarse frente a la Consellería de Acción Climática de la Generalitat | Decenas de tractores mantienen bloqueados los accesos al puerto de Málaga | Los manifestantes provocan retenciones en vías de Pamplona, Logroño y Valencia","['Economía', 'Agricultura', 'Protestas sociales', 'Cortes carretera', 'Castilla y León', 'Noticias de España', 'Tractorada', 'Castilla-La Mancha']",,El País
2,El Gobierno confía en la “decisión final” de la Fiscalía sobre la implicación de Puigdemont en terrorismo,,No Publication Date,"El Ejecutivo dilata la idea de limitar los plazos de instrucción, pero confía en sacar la ley de amnistía adelante","['España', 'Amnistía', 'PSOE', 'Pedro Sánchez', 'Gobierno', 'Gobierno de España', 'Pactos políticos', 'Pactos postelectorales', 'Investidura parlamentaria', 'Investidura parlamentaria Pedro Sánchez 2023', 'Congreso Diputados', 'JuntsxCat', 'Carles Puigdemont', 'Procés Independentista Catalán']",,El País
3,Tres vicesecretarios del PP de Madrid acusan a un concejal de la capital de promover irregularidades y espionaje a otros cargos ,,No Publication Date,"Alberto González es secretario general del PP en los 21 distritos de la capital, presidente del PP de Latina y fue director general de Autónomos y Emprendimiento con Isabel Díaz Ayuso entre 2021 y 2023","['José Luis Martínez Almeida', 'Ayuntamiento Madrid', 'Comunidad de Madrid', 'Madrid', 'PP', 'Alfonso Serrano', 'Isabel Díaz Ayuso', 'José Antonio Monago', 'Génova', 'Coacciones', 'Espionaje', 'Fraude fiscal']",,El País
4,Los bomberos localizan los cadáveres de los tres desaparecidos en el derrumbe del edificio de Badalona,,No Publication Date,Los cuerpos estaban sepultados por toneladas de escombros,"['Cataluña', 'Bomberos', 'Badalona', 'Muertes', 'Cadáveres', ""Mossos d'Esquadra"", 'Accidentes', 'Vivienda']",,El País
5,Sebastián Piñera: el político millonario que llevó dos veces a la derecha a La Moneda,,No Publication Date,"Quebró la hegemonía de la izquierda chilena en 2010, enfrentó un estallido social y a los 74 años no abandonaba la posibilidad de retornar al Gobierno","['Chile', 'América', 'Latinoamérica', 'Sebastián Piñera', 'Accidentes aéreos', 'Helicópteros']",,El País
6,Todas las nominaciones a los Premios Goya 2024,,No Publication Date,"Consulte quiénes son los candidatos de la 38ª gala de los galardones del cine español, que se celebrará el 10 de febrero, en Valladolid","['Premios Goya', 'Premios cine', 'Películas', 'Actores', 'Hovik Keuchkerian', 'Alberto Ammann', 'Álex Brendemühl', 'José Coronado', 'Albert Espinosa', 'Hugo Silva', 'Actrices', 'Patricia López Arnaiz', 'Maria Vazquez', 'Malena Alterio', 'Carolina Yuste', 'Laia Costa', 'Ane Gabarain', 'Ana Torrent', 'Luisa Gavasa', 'Premios', 'Industria cine', 'Directores cine', 'Juan Antonio Bayona', 'Victor Erice', 'David Trueba', 'Isabel Coixet', 'Guionistas', 'Michel Gaztambide', 'FéLix Viscarret', 'Pablo Berger', 'Nicolás Casariego', 'Andrea Motis & Joan Chamorro Group', 'Xoel López', 'Alfonso Vilallonga', 'Carmen Garrido', 'Academia de Cine', 'Cine español', 'Cine', 'Cultura']",,El País
7,"Últimas noticias de política, en directo | Sánchez defiende su política económica y las ayudas al campo ante el “catastrofismo” de Feijóo",,No Publication Date,Abascal reprocha al PP y PSOE que su política perjudica al campo español frente a Turquía y Marruecos,"['España', 'Política', 'Gobierno', 'Gobierno de España', 'Partidos políticos', 'Gobierno de coalición', 'Congreso Diputados', 'Senado', 'Legislaturas políticas', 'XV Legislatura España', 'PSOE', 'PP', 'Sumar', 'Vox', 'JuntsxCat', 'Ley de amnistía', 'Elecciones', 'Elecciones Gallegas', 'Pedro Sánchez', 'Alberto Núñez Feijóo', 'Yolanda Díaz', 'Santiago Abascal', 'Carles Puigdemont']",,El País
8,Siemens Energy deja atrás los números rojos pese al lastre de Gamesa,,No Publication Date,"La buena marcha del resto de negocios compensan los continuos contratiempos en su división de aerogeneradores. “Nuestro objetivo sigue siendo resolver los problemas de calidad”, dice el jefe del gigante alemán","['Economía', 'Siemens Gamesa', 'Siemens', 'Alemania', 'Energía', 'Energías renovables', 'Energía eólica']",,El País
9,20 ofertas del día muy potentes en Amazon,,No Publication Date,"No puedes dejar escapar los increíbles descuentos que ofrece esta plataforma de comercio electrónico en categorías como tecnología, moda, hogar o belleza","['Comercio electrónico', 'Amazon', 'Rebajas', 'Tecnología', 'Belleza', 'Casa hogar', 'Ventas internet']",,El País
10,"Guerra entre Israel y Gaza, en directo | Hamás propone un alto el fuego de tres fases para liberar a los rehenes y expulsar al ejército israelí de Gaza ",,No Publication Date,"Qatar, Egipto y Estados Unidos llevan semanas mediando para que se produzca un intercambio de secuestrados a cambio de varias semanas de tregua, la excarcelación de numerosos presos palestinos y la entrada de más ayuda humanitaria en el enclave","['Guerra', 'Israel', 'Hamás', 'Palestina', 'Conflicto árabe-israelí', 'Franja Gaza', 'Benjamin Netanyahu', 'Territorios palestinos', 'Conflictos armados', 'Oriente próximo', 'Jerusalén', 'Tel Aviv', 'Cisjordania', 'Bombardeos', 'Tregua']",,El País
11,Atlético de Madrid - Athletic: horario y dónde ver el partido de semifinal de la Copa del Rey,,No Publication Date,La ida de la semifinal se juega en el estadio Metropolitano este miércoles ,"['Copa Rey Fútbol', 'Atlético Madrid', 'Athletic', 'Fútbol', 'Futbolistas', 'Entrenadores', 'Competiciones', 'Deportes', 'Clubes fútbol', 'Simeone']",,El País
12,10 pulseras superventas para regalar por San Valentín,,No Publication Date,Sorprende a tu pareja en esta fecha tan especial y enamórala de nuevo con una de estas pulseras,"['Comercio electrónico', 'Amazon', 'Regalos', 'Parejas hecho', 'Amor', 'Ventas internet', 'Bisutería']",,El País
13,Las cinco noticias clave del 7 de febrero,,No Publication Date,Una selección de las historias de actualidad de la jornada,"['El País', 'Elpais.com', 'Prensa', 'Prensa digital', 'Medios comunicación']",,El País
14,El cepillo para fregar platos que es viral en TikTok,,No Publication Date,"Con un diseño innovador, esta será la solución perfecta para que la limpieza en casa sea más eficiente, cómoda y rápida ","['Amazon', 'Cepillos baño', 'Limpieza', 'Menaje hogar', 'Casa hogar']",,El País
15,"Rodrigo Quian Quiroga, neurocientífico: “El olvido es la característica esencial de la inteligencia”",,No Publication Date,"El investigador, descubridor de las ‘neuronas de Jennifer Aniston’, advierte de que la inteligencia artificial “está lejísimos de acercarse” a la humana, pero no es imposible que la alcance","['Salud', 'Neurología', 'Neurociencia', 'Neuronas', 'Neurotecnología', 'Ciencia ficción', 'Ciencia', 'Filosofía', 'Memoria']",,El País
16,Biden gana con holgura las primarias de Nevada ,,No Publication Date,El presidente obtiene el 88% de los votos en la tercera parada de las elecciones internas. Nikki Haley ha sido derrotada por la opción de “ninguno de los anteriores“ en la contienda republicana,"['Elecciones EE UU', 'Joseph Biden', 'Partido Demócrata EE UU', 'Nevada (Estados Unidos)', 'Las Vegas', 'Elecciones', 'Donald Trump']",,El País
17,La expresidenta del PRI Claudia Ruiz Massieu encabeza la lista de plurinominales de Movimiento Ciudadano,,No Publication Date,"El partido naranja deja fuera a cuadros del partido para hacer sitio a nuevos fichajes, como la expresidenta del PRD Alejandra Barrales o el empresario Gustavo de Hoyos, impulsor de la plataforma opositora Va por México","['México', 'América', 'Latinoamérica', 'Elecciones México', 'Elecciones México 2024', 'Movimiento Ciudadano', 'Jorge Álvarez Máynez', 'Claudia Ruiz Massieu', 'Dante Delgado', 'Congreso Diputados', 'Senado', 'INE México']",,El País
18,Daniel Pérez (l’Energètica): “Es incongruente ser potencia verde y tener pocos coches eléctricos”,,No Publication Date,El divulgador y experto en energías verdes subraya la histórica oportunidad de España de liderar la transición hacia las renovables y así reindustrializarse,"['Economía', 'Energía', 'Energía eólica', 'Energía eólica marina', 'Energías renovables', 'Energía solar', 'Vehículos eléctricos', 'Petróleo', 'Hidrógeno verde', 'Paneles solares', 'Coches eléctricos']",,El País
19,En los chats donde se cuecen las protestas de los agricultores: “Nuestro objetivo es paralizar Madrid” ,,No Publication Date,Las manifestaciones de este martes se han gestado en grupos de Telegram y WhatsApp en los que se apunta a la plataforma 6F como la impulsora de las marchas,"['Economía', 'Agricultura', 'Protestas sociales', 'Tractorada', 'Ganadería', 'Manifestaciones', 'Empresas', 'Telegram', 'WhatsApp', 'Inflación']",,El País
20,Las renovables y la menor demanda hunden el peso del gas y carbón en el ‘mix’ eléctrico europeo,,No Publication Date,El estirón de la producción fósil por la crisis energética queda atrás: la eólica y la solar ya generan más de la cuarta parte de la electricidad y laminan las emisiones,"['Economía', 'Energía eléctrica', 'Emisión gases', 'Gas natural', 'Carbón', 'Europa', 'Unión Europea', 'Crisis energética']",,El País
21,Trabajo regularizó a 10.000 empleados por empresas de trabajo temporal en 2023,,No Publication Date,"Inspección detectó irregularidades en el 22% de las relaciones laborales investigadas, según datos a los que ha tenido acceso EL PAÍS. Los empleados vía ETT cayeron un 14% respecto a 2022","['Economía', 'Trabajo', 'Empleo', 'Empresas trabajo temporal', 'Precariedad laboral', 'Ministerio de Trabajo y Economía Social', 'Inspecciones trabajo']",,El País
22,¿Se ha visto afectado por el cierre de Centros Ideal? Los expertos le aconsejan qué debe hacer para reclamar su dinero,,No Publication Date,La clausura repentina de la cadena de estética afecta a muchos clientes que habían financiado sus tratamientos o pagado por adelantado sesiones que no usarán,"['Ideal', 'Consumo', 'Economía', 'Negocios', 'Estética corporal', 'Franquicias', 'Depilación laser', 'Estafas', 'Denuncias', 'Consumidores']",,El País
23,El PP centra sus expectativas contra la amnistía en la Comisión de Venecia,,No Publication Date,Los populares dejan en el aire la petición de comparecer en el Senado al comisario de Justicia Reynders,"['España', 'Amnistía', 'PP', 'Didier Reynders', 'Senado', 'Pedro Rollán Ojeda (PP)', 'Congreso Diputados', 'Unión Europea', 'Alberto Núñez Feijóo', 'Investidura parlamentaria Alberto Núñez Feijóo 2023', 'Investidura parlamentaria Pedro Sánchez 2023']",,El País
24,El debate y la demoscopia animan a la izquierda en la batalla gallega,,No Publication Date,"Las expectativas se disparan en el BNG, cuya candidata, Ana Pontón, es aprobada incluso por el 40% de los votantes del PP","['Elecciones Gallegas', 'Elecciones autonómicas', 'Xunta Galicia', 'Elecciones', 'Galicia', 'Partidos políticos', 'PP', 'Alfonso Rueda', 'BNG', 'Ana Pontón', 'TVG', 'Debates electorales', 'PSdeG-PSOE', 'José Ramón Gómez Besteiro', 'Sumar', 'Marta Lois', 'CIS', 'José Luis Rodríguez Zapatero']",,El País
25,Vox ata corto a sus 1.700 concejales y lamina la autonomía de los grupos municipales,,No Publication Date,El nuevo reglamento interno deja en manos del aparato del partido el nombramiento de cargos en los ayuntamientos y sus empresas públicas,"['España', 'Vox', 'Ultraderecha', 'Partidos políticos', 'Ayuntamientos', 'Política municipal', 'Elecciones municipales 2023', 'Santiago Abascal']",,El País
26,La reforma para acortar el tiempo de instrucción suscita recelos entre los juristas,,No Publication Date,Catedráticos de procesal y abogados penalistas destacan la ineficacia de las dos anteriores modificaciones de la Ley de Enjuiciamiento Criminal,"['España', 'Ley Enjuiciamiento Criminal', 'Amnistía', 'Ley de amnistía', 'Gobierno', 'JuntsxCat', 'Catedráticos', 'Abogados', 'Derecho penal']",,El País
27,"Álvaro Díaz-Mella (Vox): “Me siento español y después soy gallego, de Vigo y del Celta”",,No Publication Date,"“Rueda habla siempre en gallego en público, pero en la intimidad habla castellano”, asegura el candidato del partido ultra a la Xunta","['Elecciones Gallegas', 'Elecciones autonómicas', 'Xunta Galicia', 'Elecciones', 'Galicia', 'Partidos políticos', 'Noticias de España', 'Vox', 'Ultraderecha']",,El País
28,Un reportero de Gaza relata su cautiverio en Israel: “Los peores 33 días de mi vida”,,No Publication Date,Diaa Al Kahlout denuncia torturas e interrogatorios a manos de las fuerzas israelíes antes de ser devuelto a la Franja sin acusaciones,"['Conflicto árabe-israelí', 'Guerra', 'Conflictos', 'Conflictos armados', 'Conflictos internacionales', 'Franja Gaza', 'Israel', 'Hamás', 'Palestina', 'Oriente Próximo', 'Periodismo', 'Periodismo de guerra', 'Prisioneros guerra', 'Víctimas guerra']",,El País
29,El nacionalismo gallego afronta su examen decisivo en su mejor momento,,No Publication Date,"La candidatura de Pontón, disparada en las encuestas, aspira por primera vez a presidir la Xunta y a dejar definitivamente atrás los años de división interna","['Elecciones Gallegas', 'Elecciones autonómicas', 'Xunta Galicia', 'Elecciones', 'Galicia', 'Partidos políticos', 'Noticias de España', 'Ana Pontón', 'BNG', 'Xose Manuel Beiras', 'Anxo Quintana']",,El País
30,"Jakub Józef Orliński, contratenor: “Estoy feliz tras las últimas elecciones en Polonia, hemos salido de algo parecido a la Edad Media”",,No Publication Date,"Es el último fenómeno de la ópera mundial y la música barroca. Fue modelo en su época de estudiante. Tiene carisma y descaro. El polaco aúna, con naturalidad en escena,  el rigor del canto como contratenor y la acrobática espontaneidad del ‘breakdance’ para arrastrar al público más joven","['Cultura', 'Música clásica', 'Música', 'Orquestas', 'Polonia', 'Ópera']",,El País
31,Qué hacer 24 horas en Fráncfort: de Mainhattan a la casa de Goethe y ‘apfelwein’ para cenar,,No Publication Date,"Una ruta por el casco antiguo de la ciudad alemana con paradas en museos, la Alte Oper, las orillas del río Meno y la colegiata de San Bartolomé","['Fráncfort', 'Viajes', 'Turismo ciudad', 'Turismo cultural', 'Rutas turísticas', 'Alemania', 'Johann Wolfgang Goethe', 'Europa']",,El País
32,"Ibrahim Iskandar, el excéntrico multimillonario convertido en el nuevo rey de Malasia que no quiere ser una marioneta",,No Publication Date,"El sultán de Johor tiene una fortuna personal que supera los 750 millones de euros y unos activos familiares que sobrepasan los 5.300 millones. Entre sus caprichos figura una colección de 300 coches de gama alta, una cueva inspirada en ‘Los Picapiedra’ en su palacio y 60.000 cómics de Marvel","['Gente', 'Monarquía', 'Realeza', 'Malasia', 'Dinero', 'Asia']",,El País
33,¿Perseguir a los consumidores de fentanilo? La propuesta mexicana para atajar la pandemia de opiodes ,,No Publication Date,"El presidente, que presentó ante el Congreso 20 reformas, busca prohibir también los vapeadores y cigarrillos electrónicos","['México', 'América', 'Latinoamérica', 'Violencia en México', 'Narcotraficantes', 'Narcotráfico', 'Fentanilo', 'Consumidores', 'AMLO - Andrés Manuel López Obrador', 'Morena (Partido Político)']",,El País
34,"La regulación del consumo de drogas, la primera lanza que rompen los nuevos alcaldes",,No Publication Date,"Los mandatarios de capitales como Medellín, Bucaramanga, Cartagena o Cúcuta han emitido decretos para prohibir el uso de sustancias psicoactivas en algunos espacios públicos ","['Colombia', 'América', 'Latinoamérica', 'Drogas', 'Drogas sintéticas', 'Fico Gutiérrez', 'Carlos Fernando Galán', 'Gobierno Colombia']",,El País
35,"¿Pizza a la japonesa o tortilla nipona a la plancha? No, ‘okonomiyaki’",,No Publication Date,"En la ciudad de Osaka, para cocinar esta elaboración se mezclan todos los ingredientes y luego se vierten en la plancha para cocinarlos. En Hiroshima, los componentes de la receta se añaden uno tras otro en la plancha hasta formar un plato con diferentes capas gruesas ","['Cocina japonesa', 'Japón', 'Cocina tradicional', 'Gastronomía', 'Pulpo', 'Recetas cocina', 'Viajes', 'Asia', 'Tortillas', 'Pizzas']",,El País
36,"El sándwich del Eme, el mejor del mundo, dicen los de Bilbao ",,No Publication Date,"Desde hace 74 años, un bar cerca de la Gran Vía de la capital vizcaína sirve emparedados artesanales con una salsa picante que mantienen en secreto y que no admite imitaciones ","['Bocadillos', 'Sandwiches', 'Bilbao', 'Gastronomía', 'Fútbol', 'Bruce Springsteen', 'Maribel Verdú', 'Políticos', 'Deportistas', 'Guggenheim Bilbao', 'Pan', 'Salsa', 'Mayonesa', 'Jamón cocido', 'Bilbao Athletic']",,El País
37,El paso anacrónico de López Obrador: el endurecimiento de la prisión preventiva oficiosa,,No Publication Date,"El Gobierno propone que los sospechosos de cometer delitos como narcomenudeo o extorsión vayan a la cárcel mientras esperan juicio, a pesar de las críticas de la justicia internacional","['México', 'América', 'Latinoamérica', 'AMLO - Andrés Manuel López Obrador', 'Reformas políticas', 'Suprema Corte de Justicia de la Nación', 'CIDH']",,El País
38,"‘Kierkegaard. El filósofo de la angustia y de la seducción’, de Joakim Garff: un paseo intelectual por la Copenhague del pensador",,No Publication Date,"La excepcional biografía del teólogo Joakim Garff ofrece una detallada descripción del mundo del filósofo danés, de su obra literaria y la mirada de sus contemporáneos","['Soren Aabye Kierkegaard', 'Cultura', 'Libros', 'Crítica literaria', 'Ensayo', 'Filosofía', 'Escritores', 'Literatura']",,El País
39,"España acorta su histórica brecha educativa: “Sin estudios solo hay trabajo en hostelería, y es precario”",,No Publication Date,"El porcentaje de jóvenes que completan la ESO aumenta en 19 puntos, y el abandono escolar temprano cae 18 desde 2008, aproximando a España a la media de la UE","['Educación', 'Sociedad', 'Sistema educativo', 'Política educativa', 'Estudiantes', 'Fracaso escolar', 'Informes Pisa', 'Profesorado', 'Exámenes', 'OCDE', 'Unión Europea', 'Noticias de España', 'Formación', 'Trabajo', 'Empleo', 'Hostelería', 'Jóvenes', 'Ministerio de Educación y Deportes']",,El País
40,Asedios a la democracia en América Latina,,No Publication Date,"A cuarenta años del inicio de las transiciones democráticas, que deshicieron las últimas dictaduras militares, las tendencias autoritarias avanzan desde distintos flancos  ","['América', 'Latinoamérica', 'Norteamérica', 'Centroamérica', 'Sudamérica', 'Noticias de México', 'El Salvador', 'Guatemala', 'Nicaragua', 'Colombia', 'Ecuador', 'Venezuela', 'Cuba', 'Caribe', 'Chile', 'Argentina', 'Jair Bolsonaro', 'Javier Milei', 'Nicolás Maduro', 'Daniel Ortega', 'Rosario Murillo', 'Nayib Bukele']",,El País
41,Quim Gutiérrez: “Conocer a Albert López me generaba dudas éticas: interpretar es hacer un esfuerzo de empatía”,,No Publication Date,"Todavía fresco el bombazo de ‘El cuerpo en llamas’, el actor catalán disfruta de una nueva etapa. Vive en el campo, con su familia, y se embarca en proyectos que muestran la cara oculta del eterno hombre de comedia  ","['Quim Gutiérrez', 'Actores', 'Christian Dior', 'Moda', 'Moda hombre', 'Cine', 'Películas', 'Cine español', 'Cine catalán', 'Cine europeo', 'Guardia Urbana', 'Barcelona', 'Cultura', 'Series crímenes', 'Homicidios', 'Asesinatos', 'Úrsula Corberó', 'Netflix']",,El País
42,Milei declara la guerra a la oposición tras el rechazo a su megaley de desguace del Estado,,No Publication Date,"“No vamos a seguir negociando con quienes exigen mantener sus privilegios”, advierte el presidente al Congreso","['Argentina', 'América', 'Latinoamérica', 'Ultraderecha', 'Javier Milei', 'Economía', 'Privatizaciones']",,El País
43,El chavismo prepara su calendario electoral para ganar “por las buenas o por las malas”,,No Publication Date,"El Consejo Nacional Electoral no ha anunciado fechas, pero el Gobierno avanza hacia unas elecciones sin la oposición representada en la Plataforma Unitaria","['América', 'Latinoamérica', 'Venezuela', 'Nicolás Maduro', 'Política', 'María Corina Machado', 'Oposición política', 'Elecciones']",,El País
44,La Fiscalía de Nueva York destapa una gran trama de corrupción en la agencia de vivienda social de la ciudad,,No Publication Date,Al menos 70 empleados han sido acusados de cobrar sobornos a contratistas en obras menores que no requerían licitación,"['Estados Unidos', 'Nueva York', 'Corrupción urbanística', 'Sobornos', 'Corrupción', 'Vivienda', 'Renta Inmobiliaria', 'Juicios']",,El País
45,"Un país con problemas financieros, el nuevo reto de Bukele en El Salvador",,No Publication Date,"El presidente ha cosechado resultados en materia de seguridad, pero ahora enfrenta problemas estructurales ","['América', 'Latinoamérica', 'El Salvador', 'Nayib Bukele', 'Seguridad ciudadana', 'Pandillas', 'Economía', 'Banco Mundial', 'Homicidios', 'Elecciones']",,El País
46,Por qué los incendios en Chile destruyeron tantas vidas,,No Publication Date,La peor tragedia del país sudamericano desde el terremoto de 2010 ha dejado al menos 131 muertos,"['Chile', 'América', 'Latinoamérica', 'Incendios', 'Incendios forestales', 'Emergencia climática', 'Emergencias']",,El País
47,El coreógrafo Mourad Merzouki introduce el hip hop participativo y viral en la danza de los Juegos Olímpicos de París,,No Publication Date,El creador francés visita Madrid para difundir la pieza y presentar su obra ‘Phénix’,"['Cultura', 'Danza', 'Hip hop', 'Coreografías', 'Coreógrafos', 'Juegos Olímpicos 2024', 'Juegos Olímpicos', 'Breakdance', 'Artes escénicas', 'Espectáculos', 'Francia', 'París']",,El País
48,“No sé cómo he llegado hasta aquí”: así fue la espiral de autodestrucción de Capote tras traicionar a la ‘jet set’ ,,No Publication Date,"A punto de cumplirse 40 años de su prematura muerte, la serie ‘Feud: Capote vs. The Swans’ recuerda la pendiente de drogas y alcohol en la que cayó el escritor después de hacer lo único que jamás le perdonaría la alta sociedad neoyorquina: revelar sus miserias","['Truman Capote', 'Nueva York', 'Años 70', 'Años 80', 'Ryan Murphy', 'Literatura', 'Televisión', 'HBO']",,El País
49,"Sally Hayden: “Nuestros impuestos sirven para reforzar dictadores, señores de la guerra y sistemas que explotan a otros seres humanos”",,No Publication Date,"La periodista irlandesa especializada en migración publica en España ‘Cuando lo intenté por cuarta vez, nos ahogamos’, galardonado con el Premio Orwell de literatura política de 2022","['Refugiados', 'Mar Mediterráneo', 'Migrantes', 'Crisis humanitaria', 'Crisis refugiados Europa', 'Crisis migratoria', 'Libros', 'Literatura', 'Desarrollo África', 'Europa', 'Inmigración', 'Inmigración irregular', 'Inmigrantes', 'Inmigrantes africanos', 'Escritores', 'Periodismo', 'Periodistas']",,El País
50,"La relación Piñera-Guerrero-Cox, una amistad unida por los negocios y, a veces, por la política",,No Publication Date,"Ignacio Guerrero y José Cox son los dos grandes amigos y consejeros que estuvieron junto al expresidente Sebastián Piñera poco antes de su muerte. Una amistad que comenzó en los años 70, se afianzó en los 80 y que fue clave en su primer mandato en La Moneda","['Chile', 'América', 'Latinoamérica', 'Sebastián Piñera', 'Accidentes aéreos', 'Negocios']",,El País
51,Colegios de bajo coste para los niños del barrio keniano de Mathare,,No Publication Date,"Estas escuelas privadas atienden a familias en las zonas más pobres de la capital del país africano, donde no hay suficientes centros de enseñanza para poblaciones muy jóvenes","['Kenia', 'África', 'Desarrollo África', 'Educación', 'Nairobi', 'Colegios', 'Estudiantes', 'Profesorado', 'Crisis económica', 'Familia', 'Sistema educativo', 'Desigualdad social', 'Desigualdad económica', 'Educación primaria', 'Enseñanza pública', 'Enseñanza privada']",,El País
52,Desde la orilla,,No Publication Date,Estoy al frente de donde cayó el helicóptero que piloteaba Sebastián Piñera. Muchos no podían creerlo: yo sí.  Nunca fue adverso a los riesgos,"['Chile', 'América', 'Latinoamérica', 'Sebastián Piñera', 'Accidentes', 'Obituarios', 'Accidentes aéreos']",,El País
53,El precio de las reformas económicas de López Obrador: más de un 4% del PIB,,No Publication Date,"Analistas coinciden en que la reforma al sistema de pensiones, las ayudas a jóvenes desempleados y poner un salario mínimo para los trabajadores del sector público tendrá un costo que supera por mucho las previsiones del Gobierno ","['México', 'América', 'Latinoamérica', 'Economía', 'Reforma fiscal', 'AMLO - Andrés Manuel López Obrador', 'Claudia Sheinbaum', 'Elecciones México 2024', 'PIB', 'Impuestos']",,El País
54,Los trucos más efectivos para tener un pelo más brillante,,No Publication Date,Todo suma y todo resta cuando queremos tener un cabello brillante. Dermatólogos y expertos nos aclaran por qué cada pequeño gesto cuenta a la hora de conseguir una melena sana con un extra de luz,"['Cabello', 'Belleza', 'Truco', 'Dermatología', 'Tratamientos belleza', 'Cosméticos', 'Productos cabello']",,El País
55,Alerta tendencia: faldas y pantalones de efecto cuero,,No Publication Date,Seleccionamos diez propuestas para incorporar ya al armario y lucir también en primavera,"['Prendas de vestir', 'Moda', 'Tendencias', 'Estilo vida', 'Comercio electrónico', 'Ventas internet']",,El País
56,Cerrar un duelo histórico: los museos de EE UU aceleran la devolución de restos humanos a las tribus nativas,,No Publication Date,Una ley federal obliga a las instituciones a hacer inventario y a contar con el consentimiento de las naciones indígenas a la hora de exponer o investigar sus vestigios,"['Cultura', 'Estados Unidos', 'Indígenas', 'Museos', 'Descolonización', 'Arte']",,El País
57,"Campeona mundial de boxeo, negra y ‘queer’: todo lo que molesta injustamente de la nueva estrella de ‘True Detective’",,No Publication Date,"A los 37 años, su papel en la nueva temporada de ‘True Detective, Noche Polar’, ha alzado a esta campeona del ring como la última gran revelación de Hollywood","['True Detective', 'Televisión', 'Actrices', 'Boxeo', 'Series crímenes', 'Hollywood', 'HBO', 'Jodie Foster', 'Lesbianas']",,El País
58,Detrás del maquillaje de ‘La sociedad de la nieve’: “Bayona descartó planos de cerebros sacados de cabezas cortadas porque los sintió insoportables”,,No Publication Date,"Ana López-Puigcerver, David Martí y Montse Ribé aspiran al Goya y al Oscar por su trabajo en la película que recrea la supervivencia de 16 hombres en el accidente aéreo de los Andes de 1972  ","['Cultura', 'Premios Goya', 'Premios Oscar', 'Juan Antonio Bayona', 'Maquillaje', 'Peluquería', 'Netflix', 'Cine', 'Películas']",,El País
59,Esperanza entre cenizas: los árboles que sobrevivieron al incendio en el Jardín botánico de Viña del Mar,,No Publication Date,"Aunque la superficie quemada alcanza un 90%, gran parte de las especies cultivadas se mantienen en pie, como unos árboles donados por Japón que sobrevivieron también a la bomba atómica de Hiroshima","['Desarrollo sostenible', 'Economía sostenible', 'América', 'Chile', 'Incendios', 'Jardines botánicos', 'Especies', 'Incendios forestales']",,El País
60,Tras los pasos salmantinos del detective Miguel de Unamuno: la novela negra española tiene un nuevo antihéroe,,No Publication Date,"Luis García Jambrina convierte al filósofo en un original investigador en ‘El primer caso de Unamuno’, una obra híbrida que se mete en el corazón de la Salamanca de 1905 ","['Cultura', 'Libros', 'Novela', 'Novela negra', 'Novela histórica', 'Novela policíaca', 'Salamanca', 'Miguel de Unamuno', 'Literatura', 'Literatura española']",,El País
61,‘Final Fantasy VII Rebirth’: el renacer de la historia más grande jamás jugada,,No Publication Date,La segunda parte del extraordinario juego de hace 27 años apunta a ser uno de los títulos del año,"['Final Fantasy', 'Final Fantasy VII', 'Kingdom Hearts', 'Videojuegos', 'Cultura', 'Final Fantasy VII Rebirth', 'Juegos tácticos', 'Videojuegos acción']",,El País
62,¿Eran inteligentes los neandertales? Nuevos hallazgos revelan detalles sobre su comportamiento,,No Publication Date,"Nos han fascinado desde que identificamos sus restos por primera vez. Hoy en día, gracias a nuevos artefactos y tecnologías, los descubrimientos sobre nuestros parientes más cercanos son cada vez más numerosos",['Ciencia'],,El País
63,Disparos láser y ondas de choque: el futuro de las armas se acerca a los robots asesinos,,No Publication Date,La evolución tecnológica aprovecha el intencionado vacío regulador para crear herramientas de destrucción inéditas que ya rozan la autonomía,"['Armamento', 'Tecnología', 'Armas de fuego', 'Industria armamentística', 'Inteligencia artificial', 'Robots', 'Guerra', 'Defensa', 'Láser']",,El País
64,Cinco películas para hablar con niños sobre discapacidad ,,No Publication Date,El cine es una herramienta insuperable para ofrecer a los menores los primeros contactos con la inteligencia emocional. Entender la diversidad a través de las historias de ficción a edades tempranas les convertirá en el futuro en adultos más empáticos,"['Películas', 'Discapacidad', 'Niños', 'Cine', 'Padres', 'Madres', 'Hijos', 'Parentesco', 'Familia', 'Infancia', 'Sociedad', 'Niñas', 'Crianza hijos', 'Ocio']",,El País
65,Hèctor Parra estrena a Ginebra una òpera sobre l’accident d’una multinacional suïssa a les mines del Congo ,,No Publication Date,Un camió carregat d’àcid sulfúric va causar la mort de 21 persones el febrer del 2019 a la província de Katanga,"['Música', 'Ópera', 'Crítica', 'Crítica musical', 'Ginebra', 'Suiza', 'República Democrática del Congo', 'Accidentes', 'Accidentes minería', 'Empresas multinacionales', 'Muertes']",,El País
66,Todos nos alegramos por Ricky Rubio,,No Publication Date,"El jugador nos ha enseñado con su ejemplo que no pasa nada: no pasa nada por parar, no pasa nada por pedir ayuda, no pasa nada por renunciar a aquello en lo que has trabajado toda tu vida","['Baloncesto', 'Jugadores baloncesto', 'Competiciones', 'Deportes', 'Ricky Rubio', 'FC Barcelona baloncesto', 'Salud mental']",,El País
67,"Beñat Prados, la sorpresa del Athletic que llegó de la Txantrea",,No Publication Date,El centrocampista navarro ha encandilado a la afición de San Mamés tras su irrupción en el primer equipo rojiblanco,"['Beñat Prados', 'Athletic', 'Copa Rey Fútbol', 'Fútbol', 'Futbolistas', 'Entrenadores', 'Competiciones', 'Deportes', 'Clubes fútbol']",,El País
68,"Los trabajadores catalanes están de baja médica 7,5 horas al mes de media, el doble que hace diez años",,No Publication Date,Un informe de la patronal de pequeñas y medianas empresas muestra que la incidencia del absentismo por enfermedad común en Cataluña es la mayor de España solo por detrás de Navarra,"['Cataluña', 'Absentismo laboral', 'Trabajo', 'Empleo', 'Enfermedades', 'Bajas laborales', 'Pimec']",,El País
69,"El triple homicida de Ciutat Vella, condenado ahora por agredir a cinco funcionarios de prisiones",,No Publication Date,John Musetescu causó heridas y lesiones a diversos trabajadores mientras se negaba a recibir a su familia cuando estaba en prisión preventiva,"['Cataluña', 'Sucesos', 'Prisiones', 'Agresiones físicas', 'Homicidios', 'Barcelona']",,El País
70,Multado un vecino de Esponellà (Girona) por gastar 56 veces más agua que la media del municipio,,No Publication Date,El Ayuntamiento le ha sancionado con 3.000 euros y le ha advertido de que lo echará de la red municipal si no toma medidas,"['Cataluña', 'Sequía', 'Agua', 'Consumo agua', 'Cambio climático', 'Piscinas', 'Ayuntamientos', 'Girona', 'Pla de L’Estany', 'Sanciones']",,El País
71,‘Sangre y dinero’: la estafa del siglo inspira la comedia humana de la Francia actual,,No Publication Date,"El cineasta Xavier Giannoli y el actor Vincent Lindon se basan en hechos reales para construir una serie de ficción que, como los relatos de Balzac, observa las pasiones de todo un país (y un continente)","['Televisión', 'Series televisión', 'Series drama', 'Francia', 'Filmin', 'Plataformas digitales', 'Estafas', 'Cultura', 'Series europeas']",,El País
72,Tres turistas estadounidenses han muerto en Medellín en los últimos cinco días,,No Publication Date,"Desde el sábado, las autoridades han encontrado a dos norteamericanos sin vida en las habitaciones que alquilaban; las causas de los fallecimientos se desconocen. Uno más se cayó del balcón de un Airbnb","['Colombia', 'América', 'Latinoamérica', 'Medellín', 'Antioquia', 'Turismo', 'Tinder', 'Drogas', 'Estados Unidos']",,El País
73,La ‘operación Sagunto’ consigue aparcar la tensión interna por el agua en Cataluña,,No Publication Date,"La medida de traer agua de la desaladora valenciana a Barcelona aplaza un hipotético envío en navieras desde el río Ebro, del que bebe Tarragona","['Cataluña', 'Sequía', 'Emergencia climática', 'Agua', 'Cambio climático', 'ERC', 'Pere Aragonès', 'Generalitat Cataluña', 'Barcelona']",,El País
74,El duelo entre Atlético de Madrid y Athletic en la Copa del rey y otras cuatro sugerencias para ver hoy en la televisión,,No Publication Date,"La gala que elige a la Reina del Carnaval de Tenerife, una nueva cita con la serie documental ‘En guardia: mujeres contra el crimen’ y un clásico inolvidable del cine musical, ‘Siempre hace buen tiempo’, entre las propuestas televisivas de este martes.","['Televisión', 'Programación', 'Programa televisión', 'Stanley Donen', 'Gene Kelly', 'Cuatro', 'Jacques Tourneur', 'Carnaval Santa Cruz de Tenerife', 'Atlético Madrid', 'Athletic']",,El País
75,La encrucijada de la derecha,,No Publication Date,"Los líderes más llamativos de la derecha han ido arrinconando y estigmatizando a la derecha moderada, a la que acusan de vergonzante e ineficaz","['Colombia', 'América', 'Latinoamérica', 'Opinión', 'Populismo', 'Nayib Bukele', 'Donald Trump', 'Marine Le Pen', 'Javier Milei', 'Política', 'Extrema derecha', 'Elecciones', 'Elecciones El Salvador']",,El País
76,"‘Los enviados’, dos sacerdotes que investigan milagros",,No Publication Date,Juan José Campanella ha conseguido un estupendo entretenimiento con dos actores más que estimables,"['Televisión', 'Series televisión', 'Juan José Campanella', 'Miguel Ángel Silvestre', 'Galicia', 'SkyShowtime', 'Series suspense', 'Opinión']",,El País
77,"Atlético-Athletic, desafío total entre dos clubes muy coperos",,No Publication Date,Ambos equipos disputan la ida de  las semifinales de Copa bajo el respeto que Simeone y Valverde se tienen,"['Fútbol', 'Futbolistas', 'Entrenadores', 'Competiciones', 'Deportes', 'Atlético Madrid', 'Athletic', 'Clubes fútbol', 'Estadios fútbol', 'Simeone', 'Copa Rey Fútbol']",,El País
78,"De golpe blando a ruptura institucional, ¿de qué habla Petro cuando denuncia conspiraciones para sacarlo del poder?",,No Publication Date,Expertos coinciden en que la suspensión del canciller Álvaro Leyva por parte de la Procuraduría y la investigación de los dineros de campaña del presidente no implican un rompimiento institucional  ,"['Colombia', 'América', 'Latinoamérica', 'Gobierno Colombia', 'Gustavo Petro', 'Francisco Barbosa', 'Fiscalia General de la Nación', 'Margarita Cabello', 'Procuraduria General de la Nacion', 'Justicia', 'Justicia colombiana']",,El País
79,El impactante regreso de Reinildo tras casi un año lesionado,,No Publication Date,El central mozambiqueño se presenta al duelo con el Athletic como el defensa ideal para frenar a los hermanos Williams,"['Fútbol', 'Futbolistas', 'Entrenadores', 'Competiciones', 'Deportes', 'Atlético Madrid', 'Clubes fútbol', 'Copa Rey Fútbol', 'Simeone', 'Reinildo Mandava', 'Athletic', 'Mario Hermoso']",,El País
80,La política de seguridad del pastor Beltrán en Bucaramanga queda en manos de un militar que apoyó a Petro,,No Publication Date,"Gildardo Rayo, coronel retirado del Ejército, está encargado del principal proyecto del alcalde de la capital santandereana, conocido por sus críticas al presidente de izquierda y su admiración por Nayib Bukele","['Colombia', 'América', 'Latinoamérica', 'Bucaramanga', 'Santander', 'Cristianismo', 'Protestantismo', 'Gustavo Petro', 'Ejército Nacional Colombia', 'Pacto Histórico Colombia']",,El País
81,Cañas de Carnaval rellenas de crema pastelera,,No Publication Date,"No hace falta disfrazarse para disfrutar de esta flor de sartén crujiente, con un relleno untuoso y el punto justo de dulzura para no empalagar","['Recetas cocina', 'Postres', 'Dulces', 'Cocina tradicional', 'Crema Pastelera', 'Masas', 'Carnavales']",,El País
82,"El revés de 12 fiscales del TS debilita a García Ortiz ante el Gobierno y revela otra ""maniobra"" en el 'caso Puigdemont'",,No Publication Date,"El segundo informe de Redondo en el que se negaba la existencia de terrorismo fue rechazado por abrumadora mayoría en la Junta de Fiscales&nbsp;<a href=""https://www.elmundo.es/espana/2024/02/06/65c27c93e4d4d83f518b45b3.html"">Leer</a><img src=""http://secure-uk.imrworldwide.com/cgi-bin/m?cid=es-widgetueditorial&amp;cg=rss-elmundo&amp;ci=es-widgetueditorial&amp;si=http://www.elmundo.es/rss/index.xml"" alt=""""/>","['Amnistía', 'Tribunal Supremo', 'Álvaro García Ortiz', 'Pedro Sánchez', 'Carles Puigdemont', 'Artículos Ángela Martialay']",http://secure-uk.imrworldwide.com/cgi-bin/m?cid=es-widgetueditorial&cg=rss-elmundo&ci=es-widgetueditorial&si=http://www.elmundo.es/rss/index.xml,El Mundo
83,Los tres peones que quisieron salvar a Puigdemont en el Supremo y la jefa que decidirá,,No Publication Date,"La teniente fiscal del Alto Tribunal escogida por Delgado tendrá la última palabra sobre la calificación de terrorismo en la causa de Tsunami Democràtic&nbsp;<a href=""https://www.elmundo.es/espana/2024/02/06/65c27df721efa00b2c8b45a1.html"">Leer</a><img src=""http://secure-uk.imrworldwide.com/cgi-bin/m?cid=es-widgetueditorial&amp;cg=rss-elmundo&amp;ci=es-widgetueditorial&amp;si=http://www.elmundo.es/rss/index.xml"" alt=""""/>","['Amnistía', 'Tribunal Supremo', 'Carles Puigdemont', 'Pedro Sánchez', 'Artículos Manuel Marraco']",http://secure-uk.imrworldwide.com/cgi-bin/m?cid=es-widgetueditorial&cg=rss-elmundo&ci=es-widgetueditorial&si=http://www.elmundo.es/rss/index.xml,El Mundo
84,Dudas en el Gobierno de su plan para convencer a Puigdemont tras la decisión de los fiscales y la oferta para acotar las investigaciones judiciales,,No Publication Date,"No saben si la oferta para reformar la Lecrim será suficiente y admiten que la decisión de los fiscales lo complica todo&nbsp;<a href=""https://www.elmundo.es/espana/2024/02/06/65c27f45e85ecea20d8b4584.html"">Leer</a><img src=""http://secure-uk.imrworldwide.com/cgi-bin/m?cid=es-widgetueditorial&amp;cg=rss-elmundo&amp;ci=es-widgetueditorial&amp;si=http://www.elmundo.es/rss/index.xml"" alt=""""/>","['Junts per Catalunya', 'PSOE', 'Carles Puigdemont', 'Pedro Sánchez', 'Amnistía', 'Artículos Raúl Piña']",http://secure-uk.imrworldwide.com/cgi-bin/m?cid=es-widgetueditorial&cg=rss-elmundo&ci=es-widgetueditorial&si=http://www.elmundo.es/rss/index.xml,El Mundo
85,"La virulencia de la revuelta del campo desborda al Gobierno: ""Si coméis es gracias a nosotros""",,No Publication Date,"El 15M agrario corta autovías, colapsa el tráfico y amenaza centros logísticos. Protestan por los precios, el excesivo rigor medioambiental y la burocracia&nbsp;<a href=""https://www.elmundo.es/economia/2024/02/06/65c2901fe4d4d8e30c8b45d3.html"">Leer</a><img src=""http://secure-uk.imrworldwide.com/cgi-bin/m?cid=es-widgetueditorial&amp;cg=rss-elmundo&amp;ci=es-widgetueditorial&amp;si=http://www.elmundo.es/rss/index.xml"" alt=""""/>",['Agricultura'],http://secure-uk.imrworldwide.com/cgi-bin/m?cid=es-widgetueditorial&cg=rss-elmundo&ci=es-widgetueditorial&si=http://www.elmundo.es/rss/index.xml,El Mundo
86,"Así forzó Macron el freno de la ""economía punitiva"" verde de Europa",,No Publication Date,"El presidente francés sofoca en casa la revuelta de sus agricultores haciendo concesiones y empuja a la UE a ir detrás&nbsp;<a href=""https://www.elmundo.es/economia/macroeconomia/2024/02/06/65c2719ce85ece99788b458a.html"">Leer</a><img src=""http://secure-uk.imrworldwide.com/cgi-bin/m?cid=es-widgetueditorial&amp;cg=rss-elmundo&amp;ci=es-widgetueditorial&amp;si=http://www.elmundo.es/rss/index.xml"" alt=""""/>",['Artículos Raquel Villaécija'],http://secure-uk.imrworldwide.com/cgi-bin/m?cid=es-widgetueditorial&cg=rss-elmundo&ci=es-widgetueditorial&si=http://www.elmundo.es/rss/index.xml,El Mundo
87,"D. O. Jácome: el partido ""del cielo"", ""del diablo"", ""del cochecito"" y ""la llave"" de la Xunta",,No Publication Date,"Democracia Ourensana, la formación del rupturista alcalde de Orense, busca su primer diputado regional y lo ofrece a todos, del PP al BNG-PSOE&nbsp;<a href=""https://www.elmundo.es/elecciones/elecciones-galicia/2024/02/06/65c2580421efa03a608b456d.html"">Leer</a><img src=""http://secure-uk.imrworldwide.com/cgi-bin/m?cid=es-widgetueditorial&amp;cg=rss-elmundo&amp;ci=es-widgetueditorial&amp;si=http://www.elmundo.es/rss/index.xml"" alt=""""/>","['Galicia', 'Xunta de Galicia', 'Elecciones Galicia']",http://secure-uk.imrworldwide.com/cgi-bin/m?cid=es-widgetueditorial&cg=rss-elmundo&ci=es-widgetueditorial&si=http://www.elmundo.es/rss/index.xml,El Mundo
88,"Vida y muerte de Kira, la niña que se quitó la vida con 15 años: ""Llegó a casa diciendo que no merecía existir""",,No Publication Date,"Estos días, Kira López habría cumplido 18 años. Pero el 19 de mayo de 2021 se suicidó cuando tenía 15. La demanda civil contra el colegio que este mes presentan sus padres culpa al centro del acoso sufrido. ""Era humillada y obligada a hacer cosas""&nbsp;<a href=""https://www.elmundo.es/papel/historias/2024/02/06/65c10479fc6c83225b8b45d1.html"">Leer</a><img src=""http://secure-uk.imrworldwide.com/cgi-bin/m?cid=es-widgetueditorial&amp;cg=rss-elmundo&amp;ci=es-widgetueditorial&amp;si=http://www.elmundo.es/rss/index.xml"" alt=""""/>","['Artículos Pedro Simón', 'Acoso escolar', 'Prevención Suicidio']",http://secure-uk.imrworldwide.com/cgi-bin/m?cid=es-widgetueditorial&cg=rss-elmundo&ci=es-widgetueditorial&si=http://www.elmundo.es/rss/index.xml,El Mundo
89,Reparto de papeles en Buckingham Palace por el cáncer del rey Carlos III,,No Publication Date,"Carlos III se encuentra con Harry mientras el príncipe Guillermo y la princesa Ana le relevan en los actos públicos&nbsp;<a href=""https://www.elmundo.es/internacional/2024/02/07/65c2857e21efa0a9528b45b2.html"">Leer</a><img src=""http://secure-uk.imrworldwide.com/cgi-bin/m?cid=es-widgetueditorial&amp;cg=rss-elmundo&amp;ci=es-widgetueditorial&amp;si=http://www.elmundo.es/rss/index.xml"" alt=""""/>","['internacional', 'Mundo', 'Reino Unido', 'Europa', 'Artículos Carlos Fresneda']",http://secure-uk.imrworldwide.com/cgi-bin/m?cid=es-widgetueditorial&cg=rss-elmundo&ci=es-widgetueditorial&si=http://www.elmundo.es/rss/index.xml,El Mundo
90,"Feijóo vaticina que el Gobierno ""caerá"" y Sánchez le replica: ""El PP es tóxico como el metanol""",,No Publication Date,"""Ocupándose sólo de la amnistía y obsesionándose con las noticias que llegan de Waterloo no hay quien aguante cuatro años"", ha dicho el lídero del PP&nbsp;<a href=""https://www.elmundo.es/espana/2024/02/07/65c33a52e9cf4a2d788b4580.html"">Leer</a><img src=""http://secure-uk.imrworldwide.com/cgi-bin/m?cid=es-widgetueditorial&amp;cg=rss-elmundo&amp;ci=es-widgetueditorial&amp;si=http://www.elmundo.es/rss/index.xml"" alt=""""/>","['Amnistía', 'Alberto Núñez Feijóo', 'Pedro Sánchez', 'Artículos Marisa Cruz']",http://secure-uk.imrworldwide.com/cgi-bin/m?cid=es-widgetueditorial&cg=rss-elmundo&ci=es-widgetueditorial&si=http://www.elmundo.es/rss/index.xml,El Mundo
91,"El letrado Galindo esgrime que no es ""un político"" para plantar a Europa tras dar vía libre a la Amnistía",,No Publication Date,"El letrado mayor del Congreso planta a la Comisión de Venecia con el voto a favor de PSOE y de Sumar&nbsp;<a href=""https://www.elmundo.es/espana/2024/02/06/65c280dee4d4d8e30c8b45cb.html"">Leer</a><img src=""http://secure-uk.imrworldwide.com/cgi-bin/m?cid=es-widgetueditorial&amp;cg=rss-elmundo&amp;ci=es-widgetueditorial&amp;si=http://www.elmundo.es/rss/index.xml"" alt=""""/>","['Congreso de los Diputados', 'Amnistía', 'Junts per Catalunya', 'PSOE', 'Carles Puigdemont', 'Francina Armengol']",http://secure-uk.imrworldwide.com/cgi-bin/m?cid=es-widgetueditorial&cg=rss-elmundo&ci=es-widgetueditorial&si=http://www.elmundo.es/rss/index.xml,El Mundo
92,El Gobierno vuelve a dejar fuera de su alivio de impuestos a ocho millones de contribuyentes de clase media trabajadora,,No Publication Date,"Hacienda centra su rebaja del IRPF en las rentas bajas y se olvida, una vez más, de los grandes pagadores del impuesto: los que declaran entre 22.000 y 60.000 euros&nbsp;<a href=""https://www.elmundo.es/economia/macroeconomia/2024/02/06/65c28748e9cf4a8c628b4595.html"">Leer</a><img src=""http://secure-uk.imrworldwide.com/cgi-bin/m?cid=es-widgetueditorial&amp;cg=rss-elmundo&amp;ci=es-widgetueditorial&amp;si=http://www.elmundo.es/rss/index.xml"" alt=""""/>","['Artículos Daniel Viaña', 'Agencia Tributaria', 'Impuestos', 'Salario mínimo', 'Gobierno de España']",http://secure-uk.imrworldwide.com/cgi-bin/m?cid=es-widgetueditorial&cg=rss-elmundo&ci=es-widgetueditorial&si=http://www.elmundo.es/rss/index.xml,El Mundo
93,"""Salten ustedes del helicóptero"": la última decisión de Sebastián Piñera antes de morir",,No Publication Date,"El ex presidente de Chile murió este martes a los 74 años al caer su helicóptero en el Lago Ranco, en el sur del país, donde tenía una residencia de vacaciones&nbsp;<a href=""https://www.elmundo.es/internacional/2024/02/07/65c326fae85ecef55b8b457a.html"">Leer</a><img src=""http://secure-uk.imrworldwide.com/cgi-bin/m?cid=es-widgetueditorial&amp;cg=rss-elmundo&amp;ci=es-widgetueditorial&amp;si=http://www.elmundo.es/rss/index.xml"" alt=""""/>","['Sebastián Piñera', 'helicóptero', 'Accidentes Aéreos', 'Latinoamérica', 'Chile', 'internacional']",http://secure-uk.imrworldwide.com/cgi-bin/m?cid=es-widgetueditorial&cg=rss-elmundo&ci=es-widgetueditorial&si=http://www.elmundo.es/rss/index.xml,El Mundo
94,Los bomberos hallan tres cadáveres bajo los escombros del edificio derrumbado en Badalona,,No Publication Date,"Los servicios de emergencias han trabajado toda la noche para localizar a tres vecinos del edificio que no aparecieron después del derrumbe&nbsp;<a href=""https://www.elmundo.es/cataluna/2024/02/07/65c327dfe85ece096b8b4570.html"">Leer</a><img src=""http://secure-uk.imrworldwide.com/cgi-bin/m?cid=es-widgetueditorial&amp;cg=rss-elmundo&amp;ci=es-widgetueditorial&amp;si=http://www.elmundo.es/rss/index.xml"" alt=""""/>","['Cataluña', 'Badalona']",http://secure-uk.imrworldwide.com/cgi-bin/m?cid=es-widgetueditorial&cg=rss-elmundo&ci=es-widgetueditorial&si=http://www.elmundo.es/rss/index.xml,El Mundo
95,La Defensora del pueblo elegida por los independentistas apercibe a la Generalitat por negar la atención en castellano,,No Publication Date,"La Síndica, elegida por ERC, Junts y el PSC, insta a «dar cobertura al derecho de elección lingüística»&nbsp;<a href=""https://www.elmundo.es/cataluna/2024/02/07/65c28053e85ece0c2e8b459c.html"">Leer</a><img src=""http://secure-uk.imrworldwide.com/cgi-bin/m?cid=es-widgetueditorial&amp;cg=rss-elmundo&amp;ci=es-widgetueditorial&amp;si=http://www.elmundo.es/rss/index.xml"" alt=""""/>","['Generalitat de Cataluña', 'Lengua', 'Felipe Calderón - MX', 'Samuel García - MX', 'Xochitl Gálvez - MX', 'Vicente Fox - MX', 'Ricardo Anaya - MX', 'Clara Brugada - MX', 'Jorge Álvarez Máynez - MX', 'Cataluña', 'Carlos Salcedo - MX', 'Diego Reyes - MX', 'Emilio Lara - MX', 'PSOE', 'Gerardo Fernández Noroña - MX', 'GP Italia F1 - MX', 'GP Bélgica F1 - MX', 'GP Hungría F1 - MX', 'GP Austria F1 - MX', 'Europa', 'Sebastián Cáceres - MX', 'Constitución Española', 'Ministerio de Defensa', 'Héctor Moreno - MX', 'Igor Lichnovsky - MX', 'Jules Koundé - MX', 'Álvaro Morata - MX', 'Ferran Torres - MX', 'Kepa Arrizabalaga - MX', 'Dani Carvajal - MX', 'Gavi - MX', 'Pedri - MX', 'Sergio Ramos - MX', 'Israel Reyes - MX', 'Néstor Araujo - MX', 'Palestina - MX', 'EL MUNDO', 'ERC', 'PSC', 'Consejo General del Poder Judicial', 'Selección de Fútbol de Colombia - MX', 'Israel - MX', 'Selección de Fútbol de Ecuador - MX', 'Selección de Fútbol de Honduras - MX', 'GP España F1 - MX', 'Selección de Fútbol de Chile - MX', 'Selección de Fútbol de Paraguay - MX', 'Reinaldo Rueda - MX', 'Juan Carlos Cacho - MX', 'León Guanajuato - MX', 'Jalisco - MX', 'Nuevo León - MX', 'Acapulco - MX', 'Querétaro - MX', 'GP Mónaco F1 - MX', 'GP Singapur F1 - MX', 'GP Países Bajos F1 - MX', 'GP Gran Bretaña F1 - MX', 'poder', 'derecho', 'Mundo', 'Artículos Víctor Mondelo']",http://secure-uk.imrworldwide.com/cgi-bin/m?cid=es-widgetueditorial&cg=rss-elmundo&ci=es-widgetueditorial&si=http://www.elmundo.es/rss/index.xml,El Mundo
96,"La extraña desaparición de Vicente, el vecino de Hinojal al que le tocó un millón en la lotería",,No Publication Date,"Sin noticias de él desde el 27 de enero, su familia descarta que se haya marchado voluntariamente: ""A mi hermano se lo han llevado y no se sabe qué han hecho con él""&nbsp;<a href=""https://www.elmundo.es/espana/2024/02/06/65c277cbe4d4d835258b45e5.html"">Leer</a><img src=""http://secure-uk.imrworldwide.com/cgi-bin/m?cid=es-widgetueditorial&amp;cg=rss-elmundo&amp;ci=es-widgetueditorial&amp;si=http://www.elmundo.es/rss/index.xml"" alt=""""/>","['Sucesos', 'Desaparecidos', 'Guardia Civil', 'Cáceres', 'Lotería', 'Artículos Ana María Ortiz']",http://secure-uk.imrworldwide.com/cgi-bin/m?cid=es-widgetueditorial&cg=rss-elmundo&ci=es-widgetueditorial&si=http://www.elmundo.es/rss/index.xml,El Mundo
97,Las alergias ya están aquí por culpa de la falta de lluvias y el buen tiempo,,No Publication Date,"Las consecuencias de disfrutar de las altas temperaturas en pleno invierno hacen mella en el organismo. Los sensibles a pólenes como el ciprés y la arizónica se 'enganchan' un mes a los antihistamínicos&nbsp;<a href=""https://www.elmundo.es/ciencia-y-salud/salud/2024/02/07/65c25e95fdddff30568b45c2.html"">Leer</a><img src=""http://secure-uk.imrworldwide.com/cgi-bin/m?cid=es-widgetueditorial&amp;cg=rss-elmundo&amp;ci=es-widgetueditorial&amp;si=http://www.elmundo.es/rss/index.xml"" alt=""""/>","['Ciencia y Salud', 'salud', 'Enfermedades respiratorias', 'Enfermera Saturada']",http://secure-uk.imrworldwide.com/cgi-bin/m?cid=es-widgetueditorial&cg=rss-elmundo&ci=es-widgetueditorial&si=http://www.elmundo.es/rss/index.xml,El Mundo
98,"Un campus futurista para dar vida al Ramón y Cajal: edificios de investigación, una torre de 100 metros y zonas de meditación",,No Publication Date,"Metrovacesa arranca un megaproyecto sobre los terrenos adyacentes a la antigua fábrica de Clesa que cambiarán por completo el entorno del hospital&nbsp;<a href=""https://www.elmundo.es/madrid/2024/02/07/65c24936fdddff767e8b45e8.html"">Leer</a><img src=""http://secure-uk.imrworldwide.com/cgi-bin/m?cid=es-widgetueditorial&amp;cg=rss-elmundo&amp;ci=es-widgetueditorial&amp;si=http://www.elmundo.es/rss/index.xml"" alt=""""/>","['Madrid', 'Urbanismo', 'ciencia', 'Gráficos', 'Artículos Virginia Gómez']",http://secure-uk.imrworldwide.com/cgi-bin/m?cid=es-widgetueditorial&cg=rss-elmundo&ci=es-widgetueditorial&si=http://www.elmundo.es/rss/index.xml,El Mundo
99,"Las nuevas Torres de Colón encuentran inquilino por un millón de euros al mes: ""Será el edificio más moderno de Madrid""",,No Publication Date,"Propiedad de Mutua Madrileña desde 1995, acogerá durante 12 años al bufete Garrigues y más de 700 personas. La reforma ha supuesto más de los 65 millones previstos inicialmente&nbsp;<a href=""https://www.elmundo.es/madrid/2024/02/07/65c287d4fc6c83cf288b45bf.html"">Leer</a><img src=""http://secure-uk.imrworldwide.com/cgi-bin/m?cid=es-widgetueditorial&amp;cg=rss-elmundo&amp;ci=es-widgetueditorial&amp;si=http://www.elmundo.es/rss/index.xml"" alt=""""/>","['Artículos Carlos Guisasola', 'Madrid']",http://secure-uk.imrworldwide.com/cgi-bin/m?cid=es-widgetueditorial&cg=rss-elmundo&ci=es-widgetueditorial&si=http://www.elmundo.es/rss/index.xml,El Mundo
100,Detienen al hombre que presuntamente asesinó a puñaladas a su pareja este martes en Alfás (Alicante),,No Publication Date,"El arrestado tiene dos hijos con otra mujer diferente y contaba con antecedentes por malos tratos a ésta&nbsp;<a href=""https://www.elmundo.es/comunidad-valenciana/alicante/2024/02/07/65c33813e9cf4aa2268b4579.html"">Leer</a><img src=""http://secure-uk.imrworldwide.com/cgi-bin/m?cid=es-widgetueditorial&amp;cg=rss-elmundo&amp;ci=es-widgetueditorial&amp;si=http://www.elmundo.es/rss/index.xml"" alt=""""/>","['Alicante', 'Guardia Civil', 'hombre', 'mujer', 'crimen']",http://secure-uk.imrworldwide.com/cgi-bin/m?cid=es-widgetueditorial&cg=rss-elmundo&ci=es-widgetueditorial&si=http://www.elmundo.es/rss/index.xml,El Mundo
101,"Polémica por las ""actividades para la mujer"" de Tomelloso:  corte y confección, cocina o estética",,No Publication Date,"El alcalde de la localidad ha respondido a las acusaciones indicando que se trata de una programación mantenida desde 2022, cuando la formación socialista gobernaba en el municipio&nbsp;<a href=""https://www.elmundo.es/espana/2024/02/07/65c3371efdddff7e128b4570.html"">Leer</a><img src=""http://secure-uk.imrworldwide.com/cgi-bin/m?cid=es-widgetueditorial&amp;cg=rss-elmundo&amp;ci=es-widgetueditorial&amp;si=http://www.elmundo.es/rss/index.xml"" alt=""""/>","['Castilla-La Mancha', 'Ciudad Real']",http://secure-uk.imrworldwide.com/cgi-bin/m?cid=es-widgetueditorial&cg=rss-elmundo&ci=es-widgetueditorial&si=http://www.elmundo.es/rss/index.xml,El Mundo
102,"San Millán, el mago de Pogacar que hace volar al Athletic",,No Publication Date,"El fisiólogo, profesor en la Universidad de Colorado y preparador del equipo UAE, es desde octubre el responsable del departamento de Rendimiento del club bilbaíno.&nbsp;<a href=""https://www.elmundo.es/deportes/futbol/copa-del-rey/2024/02/06/65c26b8e21efa073318b4589.html"">Leer</a><img src=""http://secure-uk.imrworldwide.com/cgi-bin/m?cid=es-widgetueditorial&amp;cg=rss-elmundo&amp;ci=es-widgetueditorial&amp;si=http://www.elmundo.es/rss/index.xml"" alt=""""/>","['deportes', 'Fútbol', 'ciclismo', 'Athletic de Bilbao', 'Copa del Rey', 'Atlético de Madrid', 'Artículos Pablo de la Calle']",http://secure-uk.imrworldwide.com/cgi-bin/m?cid=es-widgetueditorial&cg=rss-elmundo&ci=es-widgetueditorial&si=http://www.elmundo.es/rss/index.xml,El Mundo
103,El Mallorca y la Real se enredan en el miedo y el error,,No Publication Date,"El férreo equipo de Aguirre atascó a los donostiarras, que desperdiciaron tres grandes ocasiones en las botas de Sadiq.&nbsp;<a href=""https://www.elmundo.es/deportes/futbol/copa-del-rey/2024/02/06/65c2a388fc6c831f368b456e.html"">Leer</a><img src=""http://secure-uk.imrworldwide.com/cgi-bin/m?cid=es-widgetueditorial&amp;cg=rss-elmundo&amp;ci=es-widgetueditorial&amp;si=http://www.elmundo.es/rss/index.xml"" alt=""""/>","['deportes', 'fútbol', 'Copa del Rey', 'RCD Mallorca', 'Real Sociedad', 'Álex Remiro', 'Takefusa Kubo', 'Imanol Alguacil', 'Javier Aguirre', 'Artículos Inma Lidón']",http://secure-uk.imrworldwide.com/cgi-bin/m?cid=es-widgetueditorial&cg=rss-elmundo&ci=es-widgetueditorial&si=http://www.elmundo.es/rss/index.xml,El Mundo
104,"Joana Sanz, la mujer de Alves, sobre la noche del Sutton: ""Llegó muy borracho, se desplomó en la cama""",,No Publication Date,"Varios mossos que atendieron a la víctima confirman el estado de shock y el ""terror"" en el que se encontraba: ""Nos dijo que no quería dinero, quería justicia""&nbsp;<a href=""https://www.elmundo.es/deportes/2024/02/06/65c24e9ee4d4d80a0b8b45ae.html"">Leer</a><img src=""http://secure-uk.imrworldwide.com/cgi-bin/m?cid=es-widgetueditorial&amp;cg=rss-elmundo&amp;ci=es-widgetueditorial&amp;si=http://www.elmundo.es/rss/index.xml"" alt=""""/>",['Artículos Cristina Rubio'],http://secure-uk.imrworldwide.com/cgi-bin/m?cid=es-widgetueditorial&cg=rss-elmundo&ci=es-widgetueditorial&si=http://www.elmundo.es/rss/index.xml,El Mundo
105,"Richard Ford: ""Escribir es un ejercicio de resistencia frente a la muerte""",,No Publication Date,"El narrador estadounidense abre hoy en Málaga la tercera edición del Festival Escribidores como antesala a la publicación en España de su última novela, 'Be Mine', la quinta y última protagonizada por Frank Bascombe&nbsp;<a href=""https://www.elmundo.es/cultura/literatura/2024/02/07/65c26b62e9cf4a56248b457c.html"">Leer</a><img src=""http://secure-uk.imrworldwide.com/cgi-bin/m?cid=es-widgetueditorial&amp;cg=rss-elmundo&amp;ci=es-widgetueditorial&amp;si=http://www.elmundo.es/rss/index.xml"" alt=""""/>","['literatura', 'cultura', 'Málaga']",http://secure-uk.imrworldwide.com/cgi-bin/m?cid=es-widgetueditorial&cg=rss-elmundo&ci=es-widgetueditorial&si=http://www.elmundo.es/rss/index.xml,El Mundo
106,"Italia, conmocionada por la violación de una niña de 13 años en Catania",,No Publication Date,"Hay seis jóvenes en prisión por la agresión en los aseos de Villa Bellini&nbsp;<a href=""https://www.elmundo.es/internacional/2024/02/06/65c25a12e9cf4ac24e8b459f.html"">Leer</a><img src=""http://secure-uk.imrworldwide.com/cgi-bin/m?cid=es-widgetueditorial&amp;cg=rss-elmundo&amp;ci=es-widgetueditorial&amp;si=http://www.elmundo.es/rss/index.xml"" alt=""""/>",['Italia'],http://secure-uk.imrworldwide.com/cgi-bin/m?cid=es-widgetueditorial&cg=rss-elmundo&ci=es-widgetueditorial&si=http://www.elmundo.es/rss/index.xml,El Mundo
107,Una pareja sin carné y con su hija a bordo embiste con su Mercedes a dos coches de Policía en Vallecas e intenta huir en un VTC,,No Publication Date,"Los hechos se han producido en el Bulevar de Peña Gorbea ambos resultaron detenidos&nbsp;<a href=""https://www.elmundo.es/madrid/2024/02/06/65c25813fdddff137d8b45c1.html"">Leer</a><img src=""http://secure-uk.imrworldwide.com/cgi-bin/m?cid=es-widgetueditorial&amp;cg=rss-elmundo&amp;ci=es-widgetueditorial&amp;si=http://www.elmundo.es/rss/index.xml"" alt=""""/>","['Lesiones', 'Madrid', 'Mercedes Benz', 'Vallecas', 'Sucesos', 'Artículos Daniel J. Ollero']",http://secure-uk.imrworldwide.com/cgi-bin/m?cid=es-widgetueditorial&cg=rss-elmundo&ci=es-widgetueditorial&si=http://www.elmundo.es/rss/index.xml,El Mundo
108,"Los secretos del consomé de Lhardy: 48 horas de cocción, miles de litros al año y un ritual de casi dos siglos",,No Publication Date,"El icónico restaurante madrileño, ahora regentado por Pescaderías Coruñesas, sirve desde hace más de un siglo este reconfortante caldo, haga frío o calor&nbsp;<a href=""https://www.elmundo.es/metropoli/gastronomia/2024/02/07/65b8ef5de9cf4abd3f8b459a.html"">Leer</a><img src=""http://secure-uk.imrworldwide.com/cgi-bin/m?cid=es-widgetueditorial&amp;cg=rss-elmundo&amp;ci=es-widgetueditorial&amp;si=http://www.elmundo.es/rss/index.xml"" alt=""""/>",['Artículos Luis Blasco'],http://secure-uk.imrworldwide.com/cgi-bin/m?cid=es-widgetueditorial&cg=rss-elmundo&ci=es-widgetueditorial&si=http://www.elmundo.es/rss/index.xml,El Mundo
109,La renuncia de Miss Japón que desnuda el sexismo de la sociedad japonesa,,No Publication Date,"Karolina Shiino, nacionalizada japonesa pero nacida en Ucrania, devuelve su corona del certamen de belleza tras verse envuelta en un escándalo por haber sido pareja de un hombre casado&nbsp;<a href=""https://www.elmundo.es/internacional/2024/02/07/65c24741fc6c83db688b45a2.html"">Leer</a><img src=""http://secure-uk.imrworldwide.com/cgi-bin/m?cid=es-widgetueditorial&amp;cg=rss-elmundo&amp;ci=es-widgetueditorial&amp;si=http://www.elmundo.es/rss/index.xml"" alt=""""/>","['internacional', 'Mundo', 'Asia', 'Japón', 'belleza', 'La mirada del corresponsal', 'Artículos Lucas de la Cal']",http://secure-uk.imrworldwide.com/cgi-bin/m?cid=es-widgetueditorial&cg=rss-elmundo&ci=es-widgetueditorial&si=http://www.elmundo.es/rss/index.xml,El Mundo
110,¿Qué puede aportar la inteligencia artificial al escaneo de los alimentos en el supermercado?,,No Publication Date,"Hablamos con el creador de Carmen AI, un híbrido entre la app Yuka y ChatGPT, que quiere ayudar a hacer la compra de forma más saludable para comer mejor&nbsp;<a href=""https://www.elmundo.es/vida-sana/cuerpo/2024/02/07/65c2375921efa0c03f8b45d7.html"">Leer</a><img src=""http://secure-uk.imrworldwide.com/cgi-bin/m?cid=es-widgetueditorial&amp;cg=rss-elmundo&amp;ci=es-widgetueditorial&amp;si=http://www.elmundo.es/rss/index.xml"" alt=""""/>","['HBPR', 'Bienestar', 'Estilo de Vida', 'Alimentación saludable', 'Alimentación', 'Artículos Cristina Galafate']",http://secure-uk.imrworldwide.com/cgi-bin/m?cid=es-widgetueditorial&cg=rss-elmundo&ci=es-widgetueditorial&si=http://www.elmundo.es/rss/index.xml,El Mundo
